{
  "camera_matrix": {
    "fx": 805.8590066106506,
    "fy": 782.3978178085174,
    "cx": 657.8539955462,
    "cy": 362.7398970749769
  },
  "distortion_coefficients": [
    0.12747839833418656,
    -0.3237456399628378,
    -0.010859936171985449,
    0.0017760685591031798,
    0.19139414604381713
  ],
  "image_size": {
    "width": 1280,
    "height": 720
  }
}